trials.thisTrialN,trials.stepSize,trials.intensity,thisRow.t,notes,piloting,trial.started,fixation.started,grating.started,key_resp.started,fixation.stopped,grating.stopped,trial.stopped,corrAns,tilt,key_resp.corr,trials.response,key_resp.rt,participant,session,date,expName,expVersion,psychopyVersion,frameRate,expStart,
0,2,10,0.03711420833496959,,False,0.020619416667614132,0.03711420833496959,0.5536530833342113,0.5536530833342113,0.5703712500016991,0.853898166667932,2.500420958334871,left,-10,1,1,1.926346583333725,244877,001,2026-09-28_00h03.10.521,adaptive_staircase,,2026.2.3,60.02959458988748,2026-09-28 00h03.10.547268 +0530,
1,2,8,2.5033805833336373,,,2.5004766666679643,2.5033805833336373,3.003770916668145,3.003770916668145,3.003770916668145,3.303714375000709,3.6705923333338433,left,-8,1,1,0.6502363749987126,244877,001,2026-09-28_00h03.10.521,adaptive_staircase,,2026.2.3,60.02959458988748,2026-09-28 00h03.10.547268 +0530,
2,2,6,3.687118250001731,,,3.6706353333338484,3.687118250001731,4.170506500000556,4.170506500000556,4.187127041666827,4.4704707083346875,5.037453041668414,left,-6,1,1,0.853455208332889,244877,001,2026-09-28_00h03.10.521,adaptive_staircase,,2026.2.3,60.02959458988748,2026-09-28 00h03.10.547268 +0530,
3,2,4,5.0538297916682495,,,5.037489500000447,5.0538297916682495,5.537154625000767,5.537154625000767,5.553768791667608,5.837065291667386,6.43729329166672,left,-4,1,1,0.8887806666662073,244877,001,2026-09-28_00h03.10.521,adaptive_staircase,,2026.2.3,60.02959458988748,2026-09-28 00h03.10.547268 +0530,
4,2,2,6.453767083334242,,,6.437325083334144,6.453767083334242,6.937079083334538,6.937079083334538,6.953694791667658,7.237018833333423,7.98729375000039,left,-2,1,1,1.0391148333328601,244877,001,2026-09-28_00h03.10.521,adaptive_staircase,,2026.2.3,60.02959458988748,2026-09-28 00h03.10.547268 +0530,
5,1,1,8.003845500001262,,,7.987324291667392,8.003845500001262,8.487184916668411,8.487184916668411,8.503792875000727,8.787118833333807,10.387227500001245,right,1,0,0,1.8936260833324923,244877,001,2026-09-28_00h03.10.521,adaptive_staircase,,2026.2.3,60.02959458988748,2026-09-28 00h03.10.547268 +0530,
6,1,2,10.403678375001618,,,10.387254875000508,10.403678375001618,10.887188458335004,10.887188458335004,10.903903333333801,11.187116875000356,11.603992250000374,right,2,1,1,0.7015912500010018,244877,001,2026-09-28_00h03.10.521,adaptive_staircase,,2026.2.3,60.02959458988748,2026-09-28 00h03.10.547268 +0530,
7,1,2,11.620421125000576,,,11.604017999999996,11.620421125000576,12.103736375000153,12.103736375000153,12.120354874999975,12.403683916667433,12.937295875000927,left,-2,1,1,0.8280407916663535,244877,001,2026-09-28_00h03.10.521,adaptive_staircase,,2026.2.3,60.02959458988748,2026-09-28 00h03.10.547268 +0530,
8,1,2,12.953678791667699,,,12.937335125001482,12.953678791667699,13.436998958333788,13.436998958333788,13.453805666667904,13.73712129166779,14.15356087500004,right,2,1,1,0.71272558333294,244877,001,2026-09-28_00h03.10.521,adaptive_staircase,,2026.2.3,60.02959458988748,2026-09-28 00h03.10.547268 +0530,
9,1,1,14.170482875000744,,,14.153589958334123,14.170482875000744,14.65373662500133,14.65373662500133,14.670579166668176,14.953856291667762,15.853860833334693,left,-1,1,1,1.1990665833327512,244877,001,2026-09-28_00h03.10.521,adaptive_staircase,,2026.2.3,60.02959458988748,2026-09-28 00h03.10.547268 +0530,
10,0.5,1,15.870475708334197,,,15.853892583334527,15.870475708334197,16.353775583334937,16.353775583334937,16.37042304166789,16.65371629166839,17.253924708335035,left,-1,0,0,0.8908906249998836,244877,001,2026-09-28_00h03.10.521,adaptive_staircase,,2026.2.3,60.02959458988748,2026-09-28 00h03.10.547268 +0530,
11,0.5,1.5,17.270398916667546,,,17.25395641666728,17.270398916667546,17.75373541666704,17.75373541666704,17.770618875001674,18.053834958334846,18.58720329166681,left,-1.5,1,1,0.8248806666670134,244877,001,2026-09-28_00h03.10.521,adaptive_staircase,,2026.2.3,60.02959458988748,2026-09-28 00h03.10.547268 +0530,
12,0.5,1.5,18.60385687500093,,,18.587225916668103,18.60385687500093,19.087159833334226,19.087159833334226,19.103780958334028,19.387103000000934,19.953924875000666,left,-1.5,1,1,0.8574261249996198,244877,001,2026-09-28_00h03.10.521,adaptive_staircase,,2026.2.3,60.02959458988748,2026-09-28 00h03.10.547268 +0530,
13,0.5,1.5,19.970358916667465,,,19.953947833333586,19.970358916667465,20.4536719166681,20.4536719166681,20.470326375001605,20.753846625000733,21.103980625000986,left,-1.5,1,1,0.6438772500005143,244877,001,2026-09-28_00h03.10.521,adaptive_staircase,,2026.2.3,60.02959458988748,2026-09-28 00h03.10.547268 +0530,
14,0.5,1.0,21.12007470833487,,,21.1040081250012,21.12007470833487,21.603778250000687,21.603778250000687,21.620383666668204,21.90383716666838,23.237299875001554,left,-1.0,0,0,1.6297205416667566,244877,001,2026-09-28_00h03.10.521,adaptive_staircase,,2026.2.3,60.02959458988748,2026-09-28 00h03.10.547268 +0530,
15,0.5,1.5,23.253266583335062,,,23.237325666666948,23.253266583335062,23.73706787500123,23.73706787500123,23.753668791667224,24.037231416667055,25.32059070833384,left,-1.5,1,1,1.5683740833337652,244877,001,2026-09-28_00h03.10.521,adaptive_staircase,,2026.2.3,60.02959458988748,2026-09-28 00h03.10.547268 +0530,
16,0.5,1.5,25.33725616666743,,,25.32061212500048,25.33725616666743,25.820350291667637,25.820350291667637,25.83712366666805,26.120449416666816,26.870681041667922,left,-1.5,1,1,1.039053166667145,244877,001,2026-09-28_00h03.10.521,adaptive_staircase,,2026.2.3,60.02959458988748,2026-09-28 00h03.10.547268 +0530,
17,0.5,1.5,26.88709529166772,,,26.870701583333357,26.88709529166772,27.37047041666665,27.37047041666665,27.387135166667576,27.670565291668026,28.170665583334994,left,-1.5,1,1,0.784015333332718,244877,001,2026-09-28_00h03.10.521,adaptive_staircase,,2026.2.3,60.02959458988748,2026-09-28 00h03.10.547268 +0530,
18,0.5,1.0,28.187130666667144,,,28.17069195833392,28.187130666667144,28.67048208333472,28.67048208333472,28.687079791667202,28.970030625001527,29.487112375001743,left,-1.0,1,1,0.8088747499987221,244877,001,2026-09-28_00h03.10.521,adaptive_staircase,,2026.2.3,60.02959458988748,2026-09-28 00h03.10.547268 +0530,
19,0.5,1.0,29.503279458334873,,,29.487134458333458,29.503279458334873,29.98663962500177,29.98663962500177,30.003265041666964,30.287013375000242,30.570737500000178,right,1.0,0,0,0.5696729583341948,244877,001,2026-09-28_00h03.10.521,adaptive_staircase,,2026.2.3,60.02959458988748,2026-09-28 00h03.10.547268 +0530,
20,0.5,1.5,30.58715787500114,,,30.570761791666882,30.58715787500114,31.070512958334803,31.070512958334803,31.087156500001583,31.370491208333988,31.637246791668076,right,1.5,1,1,0.5527761666671722,244877,001,2026-09-28_00h03.10.521,adaptive_staircase,,2026.2.3,60.02959458988748,2026-09-28 00h03.10.547268 +0530,
21,0.5,1.5,31.653731708334817,,,31.637269166667465,31.653731708334817,32.13707408333357,32.13707408333357,32.153655208334385,32.43700379166694,32.753887291668434,right,1.5,1,1,0.6142032083334925,244877,001,2026-09-28_00h03.10.521,adaptive_staircase,,2026.2.3,60.02959458988748,2026-09-28 00h03.10.547268 +0530,
22,0.5,1.5,32.77036608333401,,,32.7539090416667,32.77036608333401,33.25365620833509,33.25365620833509,33.27032904166845,33.55376312500084,33.58717779166727,left,-1.5,0,0,0.3235772916668793,244877,001,2026-09-28_00h03.10.521,adaptive_staircase,,2026.2.3,60.02959458988748,2026-09-28 00h03.10.547268 +0530,
23,0.5,2.0,33.603643541668134,,,33.58719862500038,33.603643541668134,34.087213208335015,34.087213208335015,34.10382470833429,34.38711866666745,34.9539067500009,right,2.0,0,0,0.8539804166666727,244877,001,2026-09-28_00h03.10.521,adaptive_staircase,,2026.2.3,60.02959458988748,2026-09-28 00h03.10.547268 +0530,
24,0.5,2.5,34.97038891666671,,,34.95392812500177,34.97038891666671,35.45367075000104,35.45367075000104,35.470494625000356,35.753784166667174,35.937165958333935,left,-2.5,1,1,0.47450658333400497,244877,001,2026-09-28_00h03.10.521,adaptive_staircase,,2026.2.3,60.02959458988748,2026-09-28 00h03.10.547268 +0530,
25,0.5,2.5,35.95365387500169,,,35.93718866666677,35.95365387500169,36.437125416667186,36.437125416667186,36.453784375000396,36.73706425000091,36.853792583333416,right,2.5,0,0,0.40302437500031374,244877,001,2026-09-28_00h03.10.521,adaptive_staircase,,2026.2.3,60.02959458988748,2026-09-28 00h03.10.547268 +0530,
26,0.5,3.0,36.870399208333765,,,36.853813500001706,36.870399208333765,37.35382054166803,37.35382054166803,37.37058579166842,37.653865041667814,37.953963166666654,left,-3.0,1,1,0.5933253333332686,244877,001,2026-09-28_00h03.10.521,adaptive_staircase,,2026.2.3,60.02959458988748,2026-09-28 00h03.10.547268 +0530,
27,0.5,3.0,37.970495625000694,,,37.95398529166778,37.970495625000694,38.453768875000605,38.453768875000605,38.470399083334996,38.75369004166714,39.070586083335,left,-3.0,1,1,0.6033181250004418,244877,001,2026-09-28_00h03.10.521,adaptive_staircase,,2026.2.3,60.02959458988748,2026-09-28 00h03.10.547268 +0530,
28,0.5,3.0,39.087070625000706,,,39.07060804166758,39.087070625000706,39.57039629166684,39.57039629166684,39.58699062500091,39.87032804166665,40.1705685833349,right,3.0,1,1,0.5896697916650737,244877,001,2026-09-28_00h03.10.521,adaptive_staircase,,2026.2.3,60.02959458988748,2026-09-28 00h03.10.547268 +0530,
29,0.5,2.5,40.18702729166762,,,40.170590875000926,40.18702729166762,40.67043250000097,40.67043250000097,40.687214583334935,40.97052275000169,41.08720825000091,left,-2.5,0,0,0.4016164166660019,244877,001,2026-09-28_00h03.10.521,adaptive_staircase,,2026.2.3,60.02959458988748,2026-09-28 00h03.10.547268 +0530,
30,0.5,3.0,41.1038640416682,,,41.08722979166669,41.1038640416682,41.58716520833332,41.58716520833332,41.6038317916682,41.887099291667255,42.0872781666676,right,3.0,0,0,0.48586104166679434,244877,001,2026-09-28_00h03.10.521,adaptive_staircase,,2026.2.3,60.02959458988748,2026-09-28 00h03.10.547268 +0530,
31,0.5,3.5,42.103734375001295,,,42.08729891666735,42.103734375001295,42.58706750000056,42.58706750000056,42.60370904166666,,42.60385270833467,right,3.5,0,0,0.009958208333046059,244877,001,2026-09-28_00h03.10.521,adaptive_staircase,,2026.2.3,60.02959458988748,2026-09-28 00h03.10.547268 +0530,
32,0.5,4.0,42.62030862500069,,,42.60387287500089,42.62030862500069,43.10364545833363,43.10364545833363,43.120433916667025,43.40375525000127,43.62052862500059,left,-4.0,1,1,0.5053520000001299,244877,001,2026-09-28_00h03.10.521,adaptive_staircase,,2026.2.3,60.02959458988748,2026-09-28 00h03.10.547268 +0530,
33,0.5,4.0,43.63701666666748,,,43.620548250000866,43.63701666666748,44.12043262500083,44.12043262500083,44.137169291667306,44.42050570833453,44.45392195833483,right,4.0,0,0,0.3265300416678656,244877,001,2026-09-28_00h03.10.521,adaptive_staircase,,2026.2.3,60.02959458988748,2026-09-28 00h03.10.547268 +0530,
34,0.5,4.5,44.4705403333337,,,44.45394120833407,44.4705403333337,44.95385304166666,44.95385304166666,44.9705005833348,45.25375979166711,45.320621000000756,right,4.5,0,0,0.36409899999853224,244877,001,2026-09-28_00h03.10.521,adaptive_staircase,,2026.2.3,60.02959458988748,2026-09-28 00h03.10.547268 +0530,
35,0.5,5.0,45.33707120833424,,,45.3206424166674,45.33707120833424,45.82042641666703,45.82042641666703,45.83704033333379,46.12035558333446,46.38717395833373,left,-5.0,1,1,0.5604853333334177,244877,001,2026-09-28_00h03.10.521,adaptive_staircase,,2026.2.3,60.02959458988748,2026-09-28 00h03.10.547268 +0530,
36,0.5,5.0,46.40365137500157,,,46.38719462500012,46.40365137500157,46.8869772500002,46.8869772500002,46.90359024999998,47.187178833333746,47.65396304166825,left,-5.0,1,1,0.7619262083335343,244877,001,2026-09-28_00h03.10.521,adaptive_staircase,,2026.2.3,60.02959458988748,2026-09-28 00h03.10.547268 +0530,
37,0.5,5.0,47.670482958334105,,,47.653984666667384,47.670482958334105,48.15378104166666,48.15378104166666,48.17041550000067,48.453751708333584,48.987221958333976,left,-5.0,1,1,0.8230811249995895,244877,001,2026-09-28_00h03.10.521,adaptive_staircase,,2026.2.3,60.02959458988748,2026-09-28 00h03.10.547268 +0530,
38,0.5,4.5,49.003293458334156,,,48.98724337500062,49.003293458334156,49.48701495833484,49.48701495833484,49.50364279166752,49.78695837500163,49.903808958333684,right,4.5,1,1,0.40380650000042806,244877,001,2026-09-28_00h03.10.521,adaptive_staircase,,2026.2.3,60.02959458988748,2026-09-28 00h03.10.547268 +0530,
39,0.5,4.5,49.92033154166711,,,49.903830291666964,49.92033154166711,50.40384729166726,50.40384729166726,50.420458416667316,50.70377408333479,50.7540092916679,right,4.5,1,1,0.3389654166658147,244877,001,2026-09-28_00h03.10.521,adaptive_staircase,,2026.2.3,60.02959458988748,2026-09-28 00h03.10.547268 +0530,
40,0.5,4.5,50.7704802916669,,,50.75403195833496,50.7704802916669,51.25374720833497,51.25374720833497,51.27045891666785,51.5533170000017,51.57068412500121,right,4.5,1,1,0.3120474583320174,244877,001,2026-09-28_00h03.10.521,adaptive_staircase,,2026.2.3,60.02959458988748,2026-09-28 00h03.10.547268 +0530,
41,0.5,4.0,51.58711687499999,,,51.57071291666762,51.58711687499999,52.07045391666725,52.07045391666725,52.08708100000149,,52.30386545833426,left,-4.0,0,0,0.22031925000010233,244877,001,2026-09-28_00h03.10.521,adaptive_staircase,,2026.2.3,60.02959458988748,2026-09-28 00h03.10.547268 +0530,
42,0.5,4.5,52.320352250000724,,,52.303889416667516,52.320352250000724,52.803676250001445,52.803676250001445,52.82044770833454,53.10373020833504,53.270518500001344,left,-4.5,1,1,0.4593778333328373,244877,001,2026-09-28_00h03.10.521,adaptive_staircase,,2026.2.3,60.02959458988748,2026-09-28 00h03.10.547268 +0530,
43,0.5,4.5,53.286958583334126,,,53.27054212500116,53.286958583334126,53.77049700000134,53.77049700000134,53.78714933333504,54.07048345833391,54.05397333333349,right,4.5,0,0,0.26822641666512936,244877,001,2026-09-28_00h03.10.521,adaptive_staircase,,2026.2.3,60.02959458988748,2026-09-28 00h03.10.547268 +0530,
44,0.5,5.0,54.07048345833391,,,54.05399437500091,54.07048345833391,54.553778708333994,54.553778708333994,54.5704540416682,54.853701708334484,54.97060612500172,left,-5.0,0,0,0.4049393333334592,244877,001,2026-09-28_00h03.10.521,adaptive_staircase,,2026.2.3,60.02959458988748,2026-09-28 00h03.10.547268 +0530,
45,0.5,5.5,54.98705229166808,,,54.97062683333388,54.98705229166808,55.470394750000196,55.470394750000196,55.48701033333418,55.770311333333666,62.22061012500126,left,-5.5,0,0,6.7401269166675775,244877,001,2026-09-28_00h03.10.521,adaptive_staircase,,2026.2.3,60.02959458988748,2026-09-28 00h03.10.547268 +0530,
46,0.5,6.0,62.236998708334795,,,62.22064429166676,62.236998708334795,62.720321500000864,62.720321500000864,62.73690183333383,63.02039179166786,64.937311208334,left,-6.0,0,0,2.210124833332884,244877,001,2026-09-28_00h03.10.521,adaptive_staircase,,2026.2.3,60.02959458988748,2026-09-28 00h03.10.547268 +0530,
47,0.5,6.5,64.95375091666756,,,64.93734550000045,64.95375091666756,65.43707775000075,65.43707775000075,65.45368316666827,65.73700774999998,66.42052700000022,right,6.5,1,1,0.9803189583326457,244877,001,2026-09-28_00h03.10.521,adaptive_staircase,,2026.2.3,60.02959458988748,2026-09-28 00h03.10.547268 +0530,
48,0.5,6.5,66.43696050000108,,,66.42054991666737,66.43696050000108,66.92049866666821,66.92049866666821,66.9371670833334,67.22042875000079,67.47056312500172,right,6.5,1,1,0.5488660833343602,244877,001,2026-09-28_00h03.10.521,adaptive_staircase,,2026.2.3,60.02959458988748,2026-09-28 00h03.10.547268 +0530,
49,0.5,6.5,67.487169,,,67.4705863750005,67.487169,67.97045270833405,67.97045270833405,67.98706312500144,68.27040341666725,68.32057050000003,right,6.5,1,1,0.34190912499980186,244877,001,2026-09-28_00h03.10.521,adaptive_staircase,,2026.2.3,60.02959458988748,2026-09-28 00h03.10.547268 +0530,
50,0.5,6.0,68.33708229166768,,,68.32059545833363,68.33708229166768,68.82036900000094,68.82036900000094,68.83700470833355,69.12030200000117,69.20393566666826,left,-6.0,0,0,0.36997041666654695,244877,001,2026-09-28_00h03.10.521,adaptive_staircase,,2026.2.3,60.02959458988748,2026-09-28 00h03.10.547268 +0530,
51,0.5,6.5,69.22040800000104,,,69.20395675000145,69.22040800000104,69.70371612500094,69.70371612500094,69.72035095833417,70.00365416666682,70.65392604166664,right,6.5,1,1,0.9395871249998891,244877,001,2026-09-28_00h03.10.521,adaptive_staircase,,2026.2.3,60.02959458988748,2026-09-28 00h03.10.547268 +0530,
52,0.5,6.5,70.67008645833448,,,70.65394929166723,70.67008645833448,71.15375762500116,71.15375762500116,71.17037537500073,71.45367408333368,71.77060816666744,right,6.5,1,1,0.6165935416665889,244877,001,2026-09-28_00h03.10.521,adaptive_staircase,,2026.2.3,60.02959458988748,2026-09-28 00h03.10.547268 +0530,
53,0.5,6.5,71.78701108333371,,,71.77062854166797,71.78701108333371,72.27037250000103,72.27037250000103,72.28698262500075,72.57031754166746,72.67062550000082,right,6.5,1,1,0.3898721250006929,244877,001,2026-09-28_00h03.10.521,adaptive_staircase,,2026.2.3,60.02959458988748,2026-09-28 00h03.10.547268 +0530,
54,0.5,6.0,72.68700566666666,,,72.67065937500047,72.68700566666666,73.1703350416683,73.1703350416683,73.18696158333478,73.47049895833334,73.52068712500113,right,6.0,1,1,0.3448906249996071,244877,001,2026-09-28_00h03.10.521,adaptive_staircase,,2026.2.3,60.02959458988748,2026-09-28 00h03.10.547268 +0530,
55,0.5,6.0,73.53717925000092,,,73.5207091250013,73.53717925000092,74.02048570833358,74.02048570833358,74.03708754166837,74.3203798333343,74.43750745833495,right,6.0,1,1,0.41271525000047404,244877,001,2026-09-28_00h03.10.521,adaptive_staircase,,2026.2.3,60.02959458988748,2026-09-28 00h03.10.547268 +0530,
56,0.5,6.0,74.45379020833388,,,74.43753145833398,74.45379020833388,74.93706212500001,74.93706212500001,74.95366620833374,75.23700866666695,75.27057991666697,left,-6.0,0,0,0.32309737499963376,244877,001,2026-09-28_00h03.10.521,adaptive_staircase,,2026.2.3,60.02959458988748,2026-09-28 00h03.10.547268 +0530,
57,0.5,6.5,75.28706425000018,,,75.27060316666757,75.28706425000018,75.770381166667,75.770381166667,75.78700220833343,76.07031533333429,76.05382787500093,left,-6.5,1,1,0.2767820000008214,244877,001,2026-09-28_00h03.10.521,adaptive_staircase,,2026.2.3,60.02959458988748,2026-09-28 00h03.10.547268 +0530,
58,0.5,6.5,76.07031533333429,,,76.05384900000172,76.07031533333429,76.55365854166666,76.55365854166666,76.57046120833365,,76.8206753333343,right,6.5,0,0,0.2544906250004715,244877,001,2026-09-28_00h03.10.521,adaptive_staircase,,2026.2.3,60.02959458988748,2026-09-28 00h03.10.547268 +0530,
59,0.5,7.0,76.83719512500102,,,76.82069600000068,76.83719512500102,77.32052483333428,77.32052483333428,77.33710766666809,77.62042575000123,77.72048629166784,left,-7.0,0,0,0.38659349999943515,244877,001,2026-09-28_00h03.10.521,adaptive_staircase,,2026.2.3,60.02959458988748,2026-09-28 00h03.10.547268 +0530,
60,0.5,7.5,77.73712583333509,,,77.72050925000076,77.73712583333509,78.22043245833447,78.22043245833447,78.23705362500004,,78.33712729166837,right,7.5,0,0,0.10266774999945483,244877,001,2026-09-28_00h03.10.521,adaptive_staircase,,2026.2.3,60.02959458988748,2026-09-28 00h03.10.547268 +0530,
61,0.5,8.0,78.35379170833403,,,78.33714775000044,78.35379170833403,78.8370962500012,78.8370962500012,78.8537326666683,79.13705829166793,79.32057608333344,left,-8.0,0,0,0.4719793749991368,244877,001,2026-09-28_00h03.10.521,adaptive_staircase,,2026.2.3,60.02959458988748,2026-09-28 00h03.10.547268 +0530,
62,0.5,8.5,79.33707462500024,,,79.32059895833481,79.33707462500024,79.82039883333346,79.82039883333346,79.83701133333489,80.12057195833404,80.1038812083334,left,-8.5,1,1,0.2676513333335606,244877,001,2026-09-28_00h03.10.521,adaptive_staircase,,2026.2.3,60.02959458988748,2026-09-28 00h03.10.547268 +0530,
63,0.5,8.5,80.12057195833404,,,80.10390129166808,80.12057195833404,80.60388629166664,80.60388629166664,80.62047925000115,80.90377520833499,80.88730954166749,left,-8.5,0,0,0.2691334999999526,244877,001,2026-09-28_00h03.10.521,adaptive_staircase,,2026.2.3,60.02959458988748,2026-09-28 00h03.10.547268 +0530,
64,0.5,9.0,80.90377520833499,,,80.88733095833413,80.90377520833499,81.38710841666762,81.38710841666762,81.4037327916667,81.68703816666675,81.85357116666819,right,9.0,0,0,0.46287991666577,244877,001,2026-09-28_00h03.10.521,adaptive_staircase,,2026.2.3,60.02959458988748,2026-09-28 00h03.10.547268 +0530,
65,0.5,9.5,81.8704462500009,,,81.85359470833464,81.8704462500009,82.35375362500054,82.35375362500054,82.37040750000051,82.65368620833397,82.88721241666826,left,-9.5,1,1,0.5212229583339649,244877,001,2026-09-28_00h03.10.521,adaptive_staircase,,2026.2.3,60.02959458988748,2026-09-28 00h03.10.547268 +0530,
66,0.5,9.5,82.90358766666759,,,82.88724945833383,82.90358766666759,83.38712933333409,83.38712933333409,83.40376795833436,83.68705816666807,83.75397608333333,left,-9.5,1,1,0.3527988749992801,244877,001,2026-09-28_00h03.10.521,adaptive_staircase,,2026.2.3,60.02959458988748,2026-09-28 00h03.10.547268 +0530,
67,0.5,9.5,83.77051054166805,,,83.75400641666783,83.77051054166805,84.25370716666839,84.25370716666839,84.27024941666787,84.55375249999997,84.53733725000166,left,-9.5,1,1,0.27122908333331,244877,001,2026-09-28_00h03.10.521,adaptive_staircase,,2026.2.3,60.02959458988748,2026-09-28 00h03.10.547268 +0530,
68,0.5,9.0,84.55375249999997,,,84.53736362500058,84.55375249999997,85.03707491666682,85.03707491666682,85.05375116666801,85.33686533333457,85.3370213750004,left,-9.0,1,1,0.296851291665007,244877,001,2026-09-28_00h03.10.521,adaptive_staircase,,2026.2.3,60.02959458988748,2026-09-28 00h03.10.547268 +0530,
69,0.5,9.0,85.3536588750012,,,85.33704162499998,85.3536588750012,85.83698658333378,85.83698658333378,85.8536248750006,,86.00390350000089,left,-9.0,1,1,0.16389825000078417,244877,001,2026-09-28_00h03.10.521,adaptive_staircase,,2026.2.3,60.02959458988748,2026-09-28 00h03.10.547268 +0530,
70,0.5,9.0,86.02039120833433,,,86.0039271250007,86.02039120833433,86.50370850000036,86.50370850000036,86.52031787500164,,86.65388212500147,right,9.0,0,0,0.13515629166795406,244877,001,2026-09-28_00h03.10.521,adaptive_staircase,,2026.2.3,60.02959458988748,2026-09-28 00h03.10.547268 +0530,
71,0.5,9.5,86.67053345833483,,,86.6539033333338,86.67053345833483,87.1538388333338,87.1538388333338,87.17046195833427,87.45376025000041,87.77046279166825,left,-9.5,1,1,0.6080042083340231,244877,001,2026-09-28_00h03.10.521,adaptive_staircase,,2026.2.3,60.02959458988748,2026-09-28 00h03.10.547268 +0530,
72,0.5,9.5,87.787138208334,,,87.7704837500005,87.787138208334,88.27041258333338,88.27041258333338,88.28704700000162,88.56999133333375,88.95378387500023,left,-9.5,1,1,0.6827400416677847,244877,001,2026-09-28_00h03.10.521,adaptive_staircase,,2026.2.3,60.02959458988748,2026-09-28 00h03.10.547268 +0530,
73,0.5,9.5,88.97038820833404,,,88.95380358333387,88.97038820833404,89.45374512500166,89.45374512500166,89.47035350000078,89.75370741666666,89.93722320833331,right,9.5,1,1,0.4790532916667871,244877,001,2026-09-28_00h03.10.521,adaptive_staircase,,2026.2.3,60.02959458988748,2026-09-28 00h03.10.547268 +0530,
74,0.5,9.0,89.95392312500007,,,89.93724758333337,89.95392312500007,90.43709754166775,90.43709754166775,90.45383841666808,90.73712475000139,90.87063854166809,right,9.0,1,1,0.4177823750014795,244877,001,2026-09-28_00h03.10.521,adaptive_staircase,,2026.2.3,60.02959458988748,2026-09-28 00h03.10.547268 +0530,
75,0.5,9.0,90.88706075000118,,,90.87066200000118,90.88706075000118,91.37040612500095,91.37040612500095,91.38703645833448,91.67030599999998,91.8705146250013,right,9.0,1,1,0.4853397499991843,244877,001,2026-09-28_00h03.10.521,adaptive_staircase,,2026.2.3,60.02959458988748,2026-09-28 00h03.10.547268 +0530,
76,0.5,9.0,91.88699045833346,,,91.87053575000027,91.88699045833346,92.37032275000092,92.37032275000092,92.38698258333352,92.67041237500052,92.7539034583333,right,9.0,1,1,0.3693787083338975,244877,001,2026-09-28_00h03.10.521,adaptive_staircase,,2026.2.3,60.02959458988748,2026-09-28 00h03.10.547268 +0530,
77,0.5,8.5,92.77035933333354,,,92.75392754166751,92.77035933333354,93.25374541666679,93.25374541666679,93.27053629166767,93.55383091666772,93.55397966666715,right,8.5,1,1,0.29795441666647093,244877,001,2026-09-28_00h03.10.521,adaptive_staircase,,2026.2.3,60.02959458988748,2026-09-28 00h03.10.547268 +0530,
78,0.5,8.5,93.57046695833378,,,93.55399962500087,93.57046695833378,94.05381679166749,94.05381679166749,94.07041862500046,94.35370845833495,94.57051304166816,right,8.5,1,1,0.5098587083321036,244877,001,2026-09-28_00h03.10.521,adaptive_staircase,,2026.2.3,60.02959458988748,2026-09-28 00h03.10.547268 +0530,
79,0.5,8.5,94.58713633333355,,,94.57053354166783,94.58713633333355,95.07031033333442,95.07031033333442,95.08708104166726,95.37039487500078,95.48672504166825,right,8.5,1,1,0.4043442500005767,244877,001,2026-09-28_00h03.10.521,adaptive_staircase,,2026.2.3,60.02959458988748,2026-09-28 00h03.10.547268 +0530,
80,0.5,8.0,95.50373054166812,,,95.48674500000016,95.50373054166812,95.98708316666671,95.98708316666671,96.00322504166797,96.28701291666766,96.33721112500098,right,8.0,1,1,0.3455500000000029,244877,001,2026-09-28_00h03.10.521,adaptive_staircase,,2026.2.3,60.02959458988748,2026-09-28 00h03.10.547268 +0530,
81,0.5,8.0,96.35370087500087,,,96.33722991666764,96.35370087500087,96.83708850000039,96.83708850000039,96.85382912500063,97.13720104166714,97.25386041666752,left,-8.0,1,1,0.40149358333292184,244877,001,2026-09-28_00h03.10.521,adaptive_staircase,,2026.2.3,60.02959458988748,2026-09-28 00h03.10.547268 +0530,
82,0.5,8.0,97.27050420833439,,,97.25388420833406,97.27050420833439,97.75342900000032,97.75342900000032,97.77042591666759,98.05373325000073,98.25394670833339,right,8.0,1,1,0.49210995833345805,244877,001,2026-09-28_00h03.10.521,adaptive_staircase,,2026.2.3,60.02959458988748,2026-09-28 00h03.10.547268 +0530,
83,0.5,7.5,98.27038187500148,,,98.25396820833339,98.27038187500148,98.75330650000069,98.75330650000069,98.77031712500138,99.0536447083341,99.20378354166678,left,-7.5,1,1,0.4432252500009781,244877,001,2026-09-28_00h03.10.521,adaptive_staircase,,2026.2.3,60.02959458988748,2026-09-28 00h03.10.547268 +0530,
84,0.5,7.5,99.22042904166665,,,99.20380270833448,99.22042904166665,99.70373162500073,99.70373162500073,99.72034925000116,100.00385200000164,100.0539139583343,right,7.5,1,1,0.33385341666689783,244877,001,2026-09-28_00h03.10.521,adaptive_staircase,,2026.2.3,60.02959458988748,2026-09-28 00h03.10.547268 +0530,
85,0.5,7.5,100.0703929583342,,,100.05393695833482,100.0703929583342,100.55376420833454,100.55376420833454,100.57048962500085,100.85386150000159,101.0706333750004,right,7.5,1,1,0.5087358333330485,244877,001,2026-09-28_00h03.10.521,adaptive_staircase,,2026.2.3,60.02959458988748,2026-09-28 00h03.10.547268 +0530,
86,0.5,7.0,101.08705758333417,,,101.07065608333505,101.08705758333417,101.57037183333341,101.57037183333341,101.58700766666698,101.87033941666778,102.18719533333388,left,-7.0,1,1,0.6020962500006135,244877,001,2026-09-28_00h03.10.521,adaptive_staircase,,2026.2.3,60.02959458988748,2026-09-28 00h03.10.547268 +0530,
87,0.5,7.0,102.20369754166677,,,102.18721458333494,102.20369754166677,102.6870025833341,102.6870025833341,102.70361429166769,102.98694179166705,103.13723175000086,right,7.0,1,1,0.4434456250000949,244877,001,2026-09-28_00h03.10.521,adaptive_staircase,,2026.2.3,60.02959458988748,2026-09-28 00h03.10.547268 +0530,
88,0.5,7.0,103.15374358333429,,,103.1372542500012,103.15374358333429,103.63710366666783,103.63710366666783,103.65370887500103,103.93697245833391,104.30389833333356,right,7.0,1,1,0.6542961666673364,244877,001,2026-09-28_00h03.10.521,adaptive_staircase,,2026.2.3,60.02959458988748,2026-09-28 00h03.10.547268 +0530,
89,0.5,6.5,104.32038233333333,,,104.30391770833376,104.32038233333333,104.80374679166744,104.80374679166744,104.82033875000161,105.10365450000063,105.53708862500025,right,6.5,1,1,0.7166441250010394,244877,001,2026-09-28_00h03.10.521,adaptive_staircase,,2026.2.3,60.02959458988748,2026-09-28 00h03.10.547268 +0530,
90,0.5,6.5,105.55373133333342,,,105.53711104166723,105.55373133333342,106.03707641666733,106.03707641666733,106.05370591666724,106.33698341666786,106.57061933333352,right,6.5,1,1,0.5262793333331501,244877,001,2026-09-28_00h03.10.521,adaptive_staircase,,2026.2.3,60.02959458988748,2026-09-28 00h03.10.547268 +0530,
91,0.5,6.5,106.58711754166688,,,106.57063837500027,106.58711754166688,107.07041345833386,107.07041345833386,107.08702587500011,107.37032887500027,107.87045079166819,left,-6.5,1,1,0.7988952916675771,244877,001,2026-09-28_00h03.10.521,adaptive_staircase,,2026.2.3,60.02959458988748,2026-09-28 00h03.10.547268 +0530,
92,0.5,6.0,107.88708058333395,,,107.87047516666826,107.88708058333395,108.37040791666732,108.37040791666732,108.38703129166788,108.67036875000122,108.9205341666675,left,-6.0,1,1,0.5448706666666112,244877,001,2026-09-28_00h03.10.521,adaptive_staircase,,2026.2.3,60.02959458988748,2026-09-28 00h03.10.547268 +0530,
93,0.5,6.0,108.93701941666768,,,108.92055704166705,108.93701941666768,109.42036825000105,109.42036825000105,109.43697475000045,109.72030125000128,109.77050658333428,left,-6.0,1,1,0.33891658333232044,244877,001,2026-09-28_00h03.10.521,adaptive_staircase,,2026.2.3,60.02959458988748,2026-09-28 00h03.10.547268 +0530,
94,0.5,6.0,109.7869459583344,,,109.77052583333352,109.7869459583344,110.27013966666709,110.27013966666709,110.28712220833404,110.5704404583339,113.17065320833353,right,6.0,1,1,2.889060541667277,244877,001,2026-09-28_00h03.10.521,adaptive_staircase,,2026.2.3,60.02959458988748,2026-09-28 00h03.10.547268 +0530,
95,0.5,5.5,113.18710308333357,,,113.17067379166838,113.18710308333357,113.67043345833372,113.67043345833372,113.68709966666756,113.97036612500051,114.40378904166755,left,-5.5,1,1,0.729693708331979,244877,001,2026-09-28_00h03.10.521,adaptive_staircase,,2026.2.3,60.02959458988748,2026-09-28 00h03.10.547268 +0530,
96,0.5,5.5,114.4204262083349,,,114.40382545833381,114.4204262083349,114.90324620833417,114.90324620833417,114.92038666666667,115.20369033333372,115.7204603750015,right,5.5,0,0,0.8088687916661002,244877,001,2026-09-28_00h03.10.521,adaptive_staircase,,2026.2.3,60.02959458988748,2026-09-28 00h03.10.547268 +0530,
97,0.5,6.0,115.73708454166808,,,115.72049220833469,115.73708454166808,116.22038625000096,116.22038625000096,116.23701412500122,116.52057345833418,117.17060345833488,right,6.0,0,0,0.9446955833336688,244877,001,2026-09-28_00h03.10.521,adaptive_staircase,,2026.2.3,60.02959458988748,2026-09-28 00h03.10.547268 +0530,
98,0.5,6.5,117.18661741666801,,,117.17063245833378,117.18661741666801,117.67040687500048,117.67040687500048,117.6870815416678,117.97036979166842,118.32047262500055,left,-6.5,1,1,0.6386420000017097,244877,001,2026-09-28_00h03.10.521,adaptive_staircase,,2026.2.3,60.02959458988748,2026-09-28 00h03.10.547268 +0530,
99,0.5,6.5,118.3369573333348,,,118.32049608333364,118.3369573333348,118.82028566666668,118.82028566666668,118.83704891666821,119.12034725000012,119.35380787500071,left,-6.5,1,1,0.5217384166662669,244877,001,2026-09-28_00h03.10.521,adaptive_staircase,,2026.2.3,60.02959458988748,2026-09-28 00h03.10.547268 +0530,
